[
  {
    "name": "بيئة المبرمجين المغلقة",
    "description": "مجتمع خاص بالمطورين والمهندسين لتبادل الخبرات.",
    "professions": ["مبرمج", "مهندس برمجيات"],
    "tags": ["تحليلي", "مبدع"]
  },
  {
    "name": "بيئة المصممين المغلقة",
    "description": "مساحة للمصممين لمشاركة أعمالهم وتبادل الأفكار.",
    "professions": ["مصمم", "مبدع"],
    "tags": ["مبدع", "اجتماعي"]
  },
  {
    "name": "بيئة رواد الأعمال المغلقة",
    "description": "مجتمع لمشاركة الأفكار وتطوير المشاريع.",
    "professions": ["رائد أعمال", "مسوق"],
    "tags": ["منظم", "اجتماعي"]
  }
]